Workbook
Name id: Performance_Analysis!$H$2:$H$15
Name Rate: Performance_Analysis!$I$2:$I$15
Name Slicer_DriverName: #N/A

Sheet Performance_Analysis
A1: تقرير تحليل وتقييم أداء السائقين | شركة المسافر للسياح
G2: City | H2: Average Rating
A3: DriverID | B3: DriverName | C3: City | D3: Rating (VLOOKUP) : | E3: Rating (XLOOKUP) : | G3: Abha | H3: 4.8
A4: 101 | B4: Mohammed | C4: Riyadh | D4: =_xlfn.IFNA(VLOOKUP(A4,Source_Data!$A$2:$C$15,2,FALSE),"No Rate") -> 4.9 | E4: =_xlfn.IFNA(_xlfn.XLOOKUP(A4,Source_Data!$A$2:$A$15,Source_Data!$B$2:$B$15),"No Rate") -> 4.9 | G4: Buraydah | H4: 3.9
A5: 102 | B5: Abdullah | C5: Jeddah | D5: =_xlfn.IFNA(VLOOKUP(A5,Source_Data!$A$2:$C$15,2,FALSE),"No Rate") -> 4.7 | E5: =_xlfn.IFNA(_xlfn.XLOOKUP(A5,Source_Data!$A$2:$A$15,Source_Data!$B$2:$B$15),"No Rate") -> 4.7 | G5: Dammam | H5: 4.5
A6: 103 | B6: Fahad | C6: Dammam | D6: =_xlfn.IFNA(VLOOKUP(A6,Source_Data!$A$2:$C$15,2,FALSE),"No Rate") -> 4.5 | E6: =_xlfn.IFNA(_xlfn.XLOOKUP(A6,Source_Data!$A$2:$A$15,Source_Data!$B$2:$B$15),"No Rate") -> 4.5 | G6: Jazan | H6: 4.1
A7: 104 | B7: Saud | C7: Mecca | D7: =_xlfn.IFNA(VLOOKUP(A7,Source_Data!$A$2:$C$15,2,FALSE),"No Rate") -> 4.8 | E7: =_xlfn.IFNA(_xlfn.XLOOKUP(A7,Source_Data!$A$2:$A$15,Source_Data!$B$2:$B$15),"No Rate") -> 4.8 | G7: Jeddah | H7: 4.7
A8: 105 | B8: Abdulrahman | C8: Medina | D8: =_xlfn.IFNA(VLOOKUP(A8,Source_Data!$A$2:$C$15,2,FALSE),"No Rate") -> 4.2 | E8: =_xlfn.IFNA(_xlfn.XLOOKUP(A8,Source_Data!$A$2:$A$15,Source_Data!$B$2:$B$15),"No Rate") -> 4.2 | G8: Jubail | H8: 4.9
A9: 106 | B9: Faisal | C9: Khobar | D9: =_xlfn.IFNA(VLOOKUP(A9,Source_Data!$A$2:$C$15,2,FALSE),"No Rate") -> 4.9 | E9: =_xlfn.IFNA(_xlfn.XLOOKUP(A9,Source_Data!$A$2:$A$15,Source_Data!$B$2:$B$15),"No Rate") -> 4.9 | G9: Khobar | H9: 4.9
A10: 107 | B10: Khaled | C10: Taif | D10: =_xlfn.IFNA(VLOOKUP(A10,Source_Data!$A$2:$C$15,2,FALSE),"No Rate") -> 4.6 | E10: =_xlfn.IFNA(_xlfn.XLOOKUP(A10,Source_Data!$A$2:$A$15,Source_Data!$B$2:$B$15),"No Rate") -> 4.6 | G10: Mecca | H10: 4.8
A11: 108 | B11: Sultan | C11: Tabuk | D11: =_xlfn.IFNA(VLOOKUP(A11,Source_Data!$A$2:$C$15,2,FALSE),"No Rate") -> 4.4 | E11: =_xlfn.IFNA(_xlfn.XLOOKUP(A11,Source_Data!$A$2:$A$15,Source_Data!$B$2:$B$15),"No Rate") -> 4.4 | G11: Medina | H11: 4.2
A12: 109 | B12: Omar | C12: Abha | D12: =_xlfn.IFNA(VLOOKUP(A12,Source_Data!$A$2:$C$15,2,FALSE),"No Rate") -> 4.8 | E12: =_xlfn.IFNA(_xlfn.XLOOKUP(A12,Source_Data!$A$2:$A$15,Source_Data!$B$2:$B$15),"No Rate") -> 4.8 | G12: Najran | H12: 4.7
A13: 110 | B13: Youssef | C13: Buraydah | D13: =_xlfn.IFNA(VLOOKUP(A13,Source_Data!$A$2:$C$15,2,FALSE),"No Rate") -> 3.9 | E13: =_xlfn.IFNA(_xlfn.XLOOKUP(A13,Source_Data!$A$2:$A$15,Source_Data!$B$2:$B$15),"No Rate") -> 3.9 | G13: Riyadh | H13: 4.9
A14: 111 | B14: Mansour | C14: Khamis | D14: =_xlfn.IFNA(VLOOKUP(A14,Source_Data!$A$2:$C$15,2,FALSE),"No Rate") -> No Rate | E14: =_xlfn.IFNA(_xlfn.XLOOKUP(A14,Source_Data!$A$2:$A$15,Source_Data!$B$2:$B$15),"No Rate") -> No Rate | G14: Tabuk | H14: 4.4
A15: 112 | B15: Abdulaziz | C15: Hail | D15: =_xlfn.IFNA(VLOOKUP(A15,Source_Data!$A$2:$C$15,2,FALSE),"No Rate") -> No Rate | E15: =_xlfn.IFNA(_xlfn.XLOOKUP(A15,Source_Data!$A$2:$A$15,Source_Data!$B$2:$B$15),"No Rate") -> No Rate | G15: Taif | H15: 4.6
A16: 113 | B16: Naif | C16: Najran | D16: =_xlfn.IFNA(VLOOKUP(A16,Source_Data!$A$2:$C$15,2,FALSE),"No Rate") -> 4.7 | E16: =_xlfn.IFNA(_xlfn.XLOOKUP(A16,Source_Data!$A$2:$A$15,Source_Data!$B$2:$B$15),"No Rate") -> 4.7 | G16: Grand Total | H16: 4.5692308
A17: 114 | B17: Tariq | C17: Jazan | D17: =_xlfn.IFNA(VLOOKUP(A17,Source_Data!$A$2:$C$15,2,FALSE),"No Rate") -> 4.1 | E17: =_xlfn.IFNA(_xlfn.XLOOKUP(A17,Source_Data!$A$2:$A$15,Source_Data!$B$2:$B$15),"No Rate") -> 4.1
A18: 115 | B18: Alwaleed | C18: Jubail | D18: =_xlfn.IFNA(VLOOKUP(A18,Source_Data!$A$2:$C$15,2,FALSE),"No Rate") -> 4.9 | E18: =_xlfn.IFNA(_xlfn.XLOOKUP(A18,Source_Data!$A$2:$A$15,Source_Data!$B$2:$B$15),"No Rate") -> 4.9

Sheet Source_Data
A1: DriverID | B1: Rating | C1: TotalTrips
A2: 101 | B2: 4.9 | C2: 320
A3: 102 | B3: 4.7 | C3: 150
A4: 103 | B4: 4.5 | C4: 90
A5: 104 | B5: 4.8 | C5: 410
A6: 105 | B6: 4.2 | C6: 65
A7: 106 | B7: 4.9 | C7: 500
A8: 107 | B8: 4.6 | C8: 180
A9: 108 | B9: 4.4 | C9: 120
A10: 109 | B10: 4.8 | C10: 230
A11: 110 | B11: 3.9 | C11: 45
A12: 113 | B12: 4.7 | C12: 140
A13: 114 | B13: 4.1 | C13: 85
... A15: 120 | B15: 4.6 | C15: 95
